language,split,n,system,accuracy_mean,accuracy_sd,levenshtein_mean,acc_seen_bundle,acc_unseen_bundle,lemma_copy_share_of_errors,test_items_pooled,lemma_overlap_pct,unseen_bundle_pct
tur,random,50,baseline,15.7,2.5,4.57,33.5,1.2,67.7,2500,14.4,55.1
tur,random,50,memory,15.7,2.5,4.57,33.5,1.2,67.7,2500,14.4,55.1
tur,random,50,morph,15.4,1.3,3.66,33.5,0.7,3.8,2500,14.4,55.1
tur,random,100,baseline,21,2.4,4.01,33.6,1.6,52.3,2500,27.1,39.5
tur,random,100,memory,21,2.4,4.01,33.6,1.6,52.3,2500,27.1,39.5
tur,random,100,morph,22.2,1.9,3.14,34.1,4,3,2500,27.1,39.5
tur,random,250,baseline,28.5,1.4,3.35,37.1,2.6,37,2500,55,25
tur,random,250,memory,29.4,1.3,3.33,38.3,2.6,37.5,2500,55,25
tur,random,250,morph,29.7,1.6,2.63,37.4,6.4,1.3,2500,55,25
tur,random,500,baseline,34.2,2.5,2.98,42.3,0,31.2,2500,79.6,19.2
tur,random,500,memory,36.6,3.2,2.91,45.3,0,32.1,2500,79.6,19.2
tur,random,500,morph,34.6,2.3,2.32,42.4,1.9,0.8,2500,79.6,19.2
tur,random,1000,baseline,42,2.7,2.63,49.7,0,28.5,2500,96.9,15.6
tur,random,1000,memory,48.1,2.6,2.44,57,0,31.9,2500,96.9,15.6
tur,random,1000,morph,42.3,2.6,1.91,49.8,1.8,0.1,2500,96.9,15.6
tur,lemma-disjoint,50,baseline,16,2.6,4.55,32.2,1.6,65.4,2500,0,52.8
tur,lemma-disjoint,50,memory,16,2.6,4.55,32.2,1.6,65.4,2500,0,52.8
tur,lemma-disjoint,50,morph,15.9,3.8,3.65,32.3,1.3,8.3,2500,0,52.8
tur,lemma-disjoint,100,baseline,22.4,3.1,3.9,34.7,0.4,48.7,2500,0,35.8
tur,lemma-disjoint,100,memory,22.4,3.1,3.9,34.7,0.4,48.7,2500,0,35.8
tur,lemma-disjoint,100,morph,22.9,2.9,3.14,34.8,1.7,2.8,2500,0,35.8
tur,lemma-disjoint,250,baseline,30.9,5.7,3.21,39.3,0.4,34,2500,0,21.5
tur,lemma-disjoint,250,memory,30.9,5.7,3.21,39.3,0.4,34,2500,0,21.5
tur,lemma-disjoint,250,morph,31.5,5.7,2.55,39.4,2.6,1.3,2500,0,21.5
tur,lemma-disjoint,500,baseline,37.3,6.5,2.85,45,0.5,29.1,2500,0,17.3
tur,lemma-disjoint,500,memory,37.3,6.5,2.85,45,0.5,29.1,2500,0,17.3
tur,lemma-disjoint,500,morph,37.4,6.5,2.23,45,1.4,0.4,2500,0,17.3
tur,lemma-disjoint,1000,baseline,45.8,8.2,2.57,53.7,0,29,2500,0,14.7
tur,lemma-disjoint,1000,memory,45.8,8.2,2.57,53.7,0,29,2500,0,14.7
tur,lemma-disjoint,1000,morph,46.2,8.1,1.85,53.7,2.7,0,2500,0,14.7
urd,random,50,baseline,43.9,3.4,2.82,71.9,0.8,78.7,1645,23,39.4
urd,random,50,memory,43.7,3.3,2.82,71.6,0.8,78.1,1645,23,39.4
urd,random,50,morph,46,3.7,1.72,71.9,6,8.8,1645,23,39.4
urd,random,100,baseline,51.1,1.8,2.46,77.4,0.9,80,1645,42.7,34.3
urd,random,100,memory,50.2,2.2,2.46,75.9,0.9,77.6,1645,42.7,34.3
urd,random,100,morph,53.4,2.5,1.4,77.5,7.4,9.9,1645,42.7,34.3
urd,random,250,baseline,58,2.9,1.99,78.8,0.7,76,1645,73.9,26.6
urd,random,250,memory,54.8,4,2.01,74.5,0.7,68.1,1645,73.9,26.6
urd,random,250,morph,62.4,3.3,0.93,79,16.4,12.4,1645,73.9,26.6
urd,random,500,baseline,65.7,2.8,1.38,78.6,1.1,69,1645,93.5,16.7
urd,random,500,memory,69.4,4.2,1.3,83,1.1,65.9,1645,93.5,16.7
urd,random,500,morph,69.5,2.2,0.54,78.9,22.3,20.7,1645,93.5,16.7
urd,lemma-disjoint,50,baseline,44.4,2.6,2.61,70.7,0,83.3,1645,0,37.2
urd,lemma-disjoint,50,memory,44.4,2.6,2.61,70.7,0,83.3,1645,0,37.2
urd,lemma-disjoint,50,morph,47.9,3.2,1.58,70.7,9.5,17,1645,0,37.2
urd,lemma-disjoint,100,baseline,50.6,4.8,2.36,74,0,80.5,1645,0,31.6
urd,lemma-disjoint,100,memory,50.6,4.8,2.36,74,0,80.5,1645,0,31.6
urd,lemma-disjoint,100,morph,54.6,4.8,1.27,74,12.5,17.5,1645,0,31.6
urd,lemma-disjoint,250,baseline,57.6,4.5,1.82,74.6,0,72.8,1645,0,22.8
urd,lemma-disjoint,250,memory,57.6,4.5,1.82,74.6,0,72.8,1645,0,22.8
urd,lemma-disjoint,250,morph,62.1,4,0.78,74.9,18.9,19.9,1645,0,22.8
urd,lemma-disjoint,500,baseline,65.2,5.3,1.3,76.4,0,65.7,1645,0,14.6
urd,lemma-disjoint,500,memory,65.2,5.3,1.3,76.4,0,65.7,1645,0,14.6
urd,lemma-disjoint,500,morph,70,4.4,0.47,76.6,31.7,25.8,1645,0,14.6
evn,random,50,baseline,27.9,3,2.84,55.2,6,75,2500,5.5,55.6
evn,random,50,memory,27.9,3,2.84,55.2,6,75,2500,5.5,55.6
evn,random,50,morph,26.8,3.5,2.66,55.2,4.2,22.1,2500,5.5,55.6
evn,random,100,baseline,31.4,1.8,2.68,51.7,5.5,63.4,2500,10.2,43.9
evn,random,100,memory,31.4,1.8,2.68,51.7,5.5,63.4,2500,10.2,43.9
evn,random,100,morph,30.6,2,2.45,51.7,3.6,14.6,2500,10.2,43.9
evn,random,250,baseline,36.7,3.2,2.39,50.5,5.3,48.5,2500,22.3,30.4
evn,random,250,memory,36.8,3.2,2.39,50.5,5.3,48.5,2500,22.3,30.4
evn,random,250,morph,37.1,3.2,2.1,50.5,6.4,9.6,2500,22.3,30.4
evn,random,500,baseline,39.6,2.7,2.17,50.2,3,39.3,2500,34.1,22.4
evn,random,500,memory,39.8,2.7,2.17,50.4,3,39.4,2500,34.1,22.4
evn,random,500,morph,40.4,2.8,1.88,50.2,6.6,7.8,2500,34.1,22.4
evn,random,1000,baseline,42.6,2.6,1.93,49.7,2.6,29,2500,48,15.2
evn,random,1000,memory,41.8,2.8,1.97,48.9,2.6,28.2,2500,48,15.2
evn,random,1000,morph,43.5,2.5,1.7,49.7,8.9,6.2,2500,48,15.2
evn,lemma-disjoint,50,baseline,29.3,4.2,2.89,49.9,8.8,66.8,2500,0,50.2
evn,lemma-disjoint,50,memory,29.3,4.2,2.89,49.9,8.8,66.8,2500,0,50.2
evn,lemma-disjoint,50,morph,27.8,4.7,2.71,49.9,5.8,16,2500,0,50.2
evn,lemma-disjoint,100,baseline,32.6,2.3,2.66,49.9,7.4,58.5,2500,0,40.8
evn,lemma-disjoint,100,memory,32.6,2.3,2.66,49.9,7.4,58.5,2500,0,40.8
evn,lemma-disjoint,100,morph,31.6,2.7,2.48,49.9,4.9,15,2500,0,40.8
evn,lemma-disjoint,250,baseline,37.6,3.7,2.29,49.6,6.5,44.6,2500,0,27.8
evn,lemma-disjoint,250,memory,37.6,3.7,2.29,49.6,6.5,44.6,2500,0,27.8
evn,lemma-disjoint,250,morph,36.8,3.9,2.08,49.6,3.7,10.5,2500,0,27.8
evn,lemma-disjoint,500,baseline,42.8,4.1,2.02,52.4,4.6,36.8,2500,0,20
evn,lemma-disjoint,500,memory,42.8,4.1,2.02,52.4,4.6,36.8,2500,0,20
evn,lemma-disjoint,500,morph,42.6,4.4,1.81,52.4,3.8,9.1,2500,0,20
evn,lemma-disjoint,1000,baseline,46.8,3.3,1.72,52.9,3.8,26.5,2500,0,12.5
evn,lemma-disjoint,1000,memory,46.8,3.3,1.72,52.9,3.8,26.5,2500,0,12.5
evn,lemma-disjoint,1000,morph,47.8,3.3,1.53,52.9,11.8,6.8,2500,0,12.5
ckt,random,50,baseline,55,2.9,1.85,83.1,22.9,85.9,300,11.7,46.7
ckt,random,50,memory,55,2.9,1.85,83.1,22.9,85.9,300,11.7,46.7
ckt,random,50,morph,53,5.5,1.77,83.8,17.9,33.3,300,11.7,46.7
ckt,random,100,baseline,56.3,1.8,1.8,82.7,17.4,83.2,300,18,40.3
ckt,random,100,memory,56.3,1.8,1.8,82.7,17.4,83.2,300,18,40.3
ckt,random,100,morph,55.3,4.9,1.59,82.7,14.9,25.4,300,18,40.3
ckt,lemma-disjoint,50,baseline,52.3,4.5,2.08,86.1,18.1,90.2,300,0,49.7
ckt,lemma-disjoint,50,memory,52.3,4.5,2.08,86.1,18.1,90.2,300,0,49.7
ckt,lemma-disjoint,50,morph,53.7,4.6,1.82,86.8,20.1,33.8,300,0,49.7
ckt,lemma-disjoint,100,baseline,53,4,2.07,83.5,16.2,85.8,300,0,45.3
ckt,lemma-disjoint,100,memory,53,4,2.07,83.5,16.2,85.8,300,0,45.3
ckt,lemma-disjoint,100,morph,54.3,5.1,1.77,84.8,17.6,29.2,300,0,45.3
ron,random,50,baseline,25.4,2.3,2.49,34.8,9.5,55.5,2500,13.4,37.2
ron,random,50,memory,25.3,2.3,2.49,34.6,9.5,55.4,2500,13.4,37.2
ron,random,50,morph,22.7,3.1,2.52,34.8,2.4,7.7,2500,13.4,37.2
ron,random,100,baseline,34.7,2.4,2.12,40.8,7.3,38.4,2500,26.4,18.2
ron,random,100,memory,34.6,2.2,2.13,40.7,7.3,38.2,2500,26.4,18.2
ron,random,100,morph,34,1.9,2.07,40.5,4.8,4.7,2500,26.4,18.2
ron,random,250,baseline,46.9,0.9,1.8,49,9,21.2,2500,53.1,5.4
ron,random,250,memory,46.5,1.4,1.83,48.6,9,20.5,2500,53.1,5.4
ron,random,250,morph,47.7,0.6,1.75,50,6.7,5.7,2500,53.1,5.4
ron,random,500,baseline,54.1,3.7,1.63,54.4,11.8,10.5,2500,79,0.7
ron,random,500,memory,54.3,1.4,1.62,54.6,11.8,8.5,2500,79,0.7
ron,random,500,morph,54.2,3.7,1.6,54.6,5.9,5,2500,79,0.7
ron,random,1000,baseline,54.9,4.4,1.64,54.9,,4.9,2500,96.1,0
ron,random,1000,memory,55.4,1.6,1.58,55.4,,2.2,2500,96.1,0
ron,random,1000,morph,55.2,4.6,1.63,55.2,,3.6,2500,96.1,0
ron,lemma-disjoint,50,baseline,24.9,2.9,2.47,31.4,10.7,52.3,2500,0,31.5
ron,lemma-disjoint,50,memory,24.9,2.9,2.47,31.4,10.7,52.3,2500,0,31.5
ron,lemma-disjoint,50,morph,22.8,2.3,2.55,32.1,2.7,10.1,2500,0,31.5
ron,lemma-disjoint,100,baseline,31.6,2.5,2.22,37.7,5.4,41.3,2500,0,18.7
ron,lemma-disjoint,100,memory,31.6,2.5,2.22,37.7,5.4,41.3,2500,0,18.7
ron,lemma-disjoint,100,morph,31.8,3.4,2.18,38,4.9,10.1,2500,0,18.7
ron,lemma-disjoint,250,baseline,45.5,3.6,1.79,48.1,0.7,24.8,2500,0,5.4
ron,lemma-disjoint,250,memory,45.5,3.6,1.79,48.1,0.7,24.8,2500,0,5.4
ron,lemma-disjoint,250,morph,46,3.3,1.72,48.6,1.5,7,2500,0,5.4
ron,lemma-disjoint,500,baseline,55.1,3.9,1.51,55.4,0,13.1,2500,0,0.6
ron,lemma-disjoint,500,memory,55.1,3.9,1.51,55.4,0,13.1,2500,0,0.6
ron,lemma-disjoint,500,morph,55.5,4,1.47,55.6,42.9,6.2,2500,0,0.6
ron,lemma-disjoint,1000,baseline,60.6,2.9,1.39,60.6,,6.6,2500,0,0
ron,lemma-disjoint,1000,memory,60.6,2.9,1.39,60.6,,6.6,2500,0,0
ron,lemma-disjoint,1000,morph,60.8,3.1,1.38,60.8,,5.1,2500,0,0
